[{"pk": "aa", "model": "isisdata.language", "fields": {"name": "Afar"}}, {"pk": "ab", "model": "isisdata.language", "fields": {"name": "Abkhazian"}}, {"pk": "af", "model": "isisdata.language", "fields": {"name": "Afrikaans"}}, {"pk": "ak", "model": "isisdata.language", "fields": {"name": "Akan"}}, {"pk": "sq", "model": "isisdata.language", "fields": {"name": "Albanian"}}, {"pk": "am", "model": "isisdata.language", "fields": {"name": "Amharic"}}, {"pk": "ar", "model": "isisdata.language", "fields": {"name": "Arabic"}}, {"pk": "an", "model": "isisdata.language", "fields": {"name": "Aragonese"}}, {"pk": "hy", "model": "isisdata.language", "fields": {"name": "Armenian"}}, {"pk": "as", "model": "isisdata.language", "fields": {"name": "Assamese"}}, {"pk": "av", "model": "isisdata.language", "fields": {"name": "Avaric"}}, {"pk": "ae", "model": "isisdata.language", "fields": {"name": "Avestan"}}, {"pk": "ay", "model": "isisdata.language", "fields": {"name": "Aymara"}}, {"pk": "az", "model": "isisdata.language", "fields": {"name": "Azerbaijani"}}, {"pk": "ba", "model": "isisdata.language", "fields": {"name": "Bashkir"}}, {"pk": "bm", "model": "isisdata.language", "fields": {"name": "Bambara"}}, {"pk": "eu", "model": "isisdata.language", "fields": {"name": "Basque"}}, {"pk": "be", "model": "isisdata.language", "fields": {"name": "Belarusian"}}, {"pk": "bn", "model": "isisdata.language", "fields": {"name": "Bengali"}}, {"pk": "bh", "model": "isisdata.language", "fields": {"name": "Bihari languages"}}, {"pk": "bi", "model": "isisdata.language", "fields": {"name": "Bislama"}}, {"pk": "bo", "model": "isisdata.language", "fields": {"name": "Tibetan"}}, {"pk": "bs", "model": "isisdata.language", "fields": {"name": "Bosnian"}}, {"pk": "br", "model": "isisdata.language", "fields": {"name": "Breton"}}, {"pk": "bg", "model": "isisdata.language", "fields": {"name": "Bulgarian"}}, {"pk": "my", "model": "isisdata.language", "fields": {"name": "Burmese"}}, {"pk": "ca", "model": "isisdata.language", "fields": {"name": "Catalan; Valencian"}}, {"pk": "cs", "model": "isisdata.language", "fields": {"name": "Czech"}}, {"pk": "ch", "model": "isisdata.language", "fields": {"name": "Chamorro"}}, {"pk": "ce", "model": "isisdata.language", "fields": {"name": "Chechen"}}, {"pk": "zh", "model": "isisdata.language", "fields": {"name": "Chinese"}}, {"pk": "cu", "model": "isisdata.language", "fields": {"name": "Church Slavic; Old Slavonic; Church Slavonic; Old Bulgarian; Old Church Slavonic"}}, {"pk": "cv", "model": "isisdata.language", "fields": {"name": "Chuvash"}}, {"pk": "kw", "model": "isisdata.language", "fields": {"name": "Cornish"}}, {"pk": "co", "model": "isisdata.language", "fields": {"name": "Corsican"}}, {"pk": "cr", "model": "isisdata.language", "fields": {"name": "Cree"}}, {"pk": "cy", "model": "isisdata.language", "fields": {"name": "Welsh"}}, {"pk": "cs", "model": "isisdata.language", "fields": {"name": "Czech"}}, {"pk": "da", "model": "isisdata.language", "fields": {"name": "Danish"}}, {"pk": "de", "model": "isisdata.language", "fields": {"name": "German"}}, {"pk": "dv", "model": "isisdata.language", "fields": {"name": "Divehi; Dhivehi; Maldivian"}}, {"pk": "nl", "model": "isisdata.language", "fields": {"name": "Dutch; Flemish"}}, {"pk": "dz", "model": "isisdata.language", "fields": {"name": "Dzongkha"}}, {"pk": "el", "model": "isisdata.language", "fields": {"name": "Greek, Modern (1453-)"}}, {"pk": "en", "model": "isisdata.language", "fields": {"name": "English"}}, {"pk": "eo", "model": "isisdata.language", "fields": {"name": "Esperanto"}}, {"pk": "et", "model": "isisdata.language", "fields": {"name": "Estonian"}}, {"pk": "eu", "model": "isisdata.language", "fields": {"name": "Basque"}}, {"pk": "ee", "model": "isisdata.language", "fields": {"name": "Ewe"}}, {"pk": "fo", "model": "isisdata.language", "fields": {"name": "Faroese"}}, {"pk": "fa", "model": "isisdata.language", "fields": {"name": "Persian"}}, {"pk": "fj", "model": "isisdata.language", "fields": {"name": "Fijian"}}, {"pk": "fi", "model": "isisdata.language", "fields": {"name": "Finnish"}}, {"pk": "fr", "model": "isisdata.language", "fields": {"name": "French"}}, {"pk": "fr", "model": "isisdata.language", "fields": {"name": "French"}}, {"pk": "fy", "model": "isisdata.language", "fields": {"name": "Western Frisian"}}, {"pk": "ff", "model": "isisdata.language", "fields": {"name": "Fulah"}}, {"pk": "Ga", "model": "isisdata.language", "fields": {"name": "Georgian"}}, {"pk": "de", "model": "isisdata.language", "fields": {"name": "German"}}, {"pk": "gd", "model": "isisdata.language", "fields": {"name": "Gaelic; Scottish Gaelic"}}, {"pk": "ga", "model": "isisdata.language", "fields": {"name": "Irish"}}, {"pk": "gl", "model": "isisdata.language", "fields": {"name": "Galician"}}, {"pk": "gv", "model": "isisdata.language", "fields": {"name": "Manx"}}, {"pk": "el", "model": "isisdata.language", "fields": {"name": "Greek, Modern (1453-)"}}, {"pk": "gn", "model": "isisdata.language", "fields": {"name": "Guarani"}}, {"pk": "gu", "model": "isisdata.language", "fields": {"name": "Gujarati"}}, {"pk": "ht", "model": "isisdata.language", "fields": {"name": "Haitian; Haitian Creole"}}, {"pk": "ha", "model": "isisdata.language", "fields": {"name": "Hausa"}}, {"pk": "he", "model": "isisdata.language", "fields": {"name": "Hebrew"}}, {"pk": "hz", "model": "isisdata.language", "fields": {"name": "Herero"}}, {"pk": "hi", "model": "isisdata.language", "fields": {"name": "Hindi"}}, {"pk": "ho", "model": "isisdata.language", "fields": {"name": "Hiri Motu"}}, {"pk": "hr", "model": "isisdata.language", "fields": {"name": "Croatian"}}, {"pk": "hu", "model": "isisdata.language", "fields": {"name": "Hungarian"}}, {"pk": "hy", "model": "isisdata.language", "fields": {"name": "Armenian"}}, {"pk": "ig", "model": "isisdata.language", "fields": {"name": "Igbo"}}, {"pk": "is", "model": "isisdata.language", "fields": {"name": "Icelandic"}}, {"pk": "io", "model": "isisdata.language", "fields": {"name": "Ido"}}, {"pk": "ii", "model": "isisdata.language", "fields": {"name": "Sichuan Yi; Nuosu"}}, {"pk": "iu", "model": "isisdata.language", "fields": {"name": "Inuktitut"}}, {"pk": "ie", "model": "isisdata.language", "fields": {"name": "Interlingue; Occidental"}}, {"pk": "ia", "model": "isisdata.language", "fields": {"name": "Interlingua (International Auxiliary Language Association)"}}, {"pk": "id", "model": "isisdata.language", "fields": {"name": "Indonesian"}}, {"pk": "ik", "model": "isisdata.language", "fields": {"name": "Inupiaq"}}, {"pk": "is", "model": "isisdata.language", "fields": {"name": "Icelandic"}}, {"pk": "it", "model": "isisdata.language", "fields": {"name": "Italian"}}, {"pk": "jv", "model": "isisdata.language", "fields": {"name": "Javanese"}}, {"pk": "ja", "model": "isisdata.language", "fields": {"name": "Japanese"}}, {"pk": "kl", "model": "isisdata.language", "fields": {"name": "Kalaallisut; Greenlandic"}}, {"pk": "kn", "model": "isisdata.language", "fields": {"name": "Kannada"}}, {"pk": "ks", "model": "isisdata.language", "fields": {"name": "Kashmiri"}}, {"pk": "ka", "model": "isisdata.language", "fields": {"name": "Georgian"}}, {"pk": "kr", "model": "isisdata.language", "fields": {"name": "Kanuri"}}, {"pk": "kk", "model": "isisdata.language", "fields": {"name": "Kazakh"}}, {"pk": "km", "model": "isisdata.language", "fields": {"name": "Central Khmer"}}, {"pk": "ki", "model": "isisdata.language", "fields": {"name": "Kikuyu; Gikuyu"}}, {"pk": "rw", "model": "isisdata.language", "fields": {"name": "Kinyarwanda"}}, {"pk": "ky", "model": "isisdata.language", "fields": {"name": "Kirghiz; Kyrgyz"}}, {"pk": "kv", "model": "isisdata.language", "fields": {"name": "Komi"}}, {"pk": "kg", "model": "isisdata.language", "fields": {"name": "Kongo"}}, {"pk": "ko", "model": "isisdata.language", "fields": {"name": "Korean"}}, {"pk": "kj", "model": "isisdata.language", "fields": {"name": "Kuanyama; Kwanyama"}}, {"pk": "ku", "model": "isisdata.language", "fields": {"name": "Kurdish"}}, {"pk": "lo", "model": "isisdata.language", "fields": {"name": "Lao"}}, {"pk": "la", "model": "isisdata.language", "fields": {"name": "Latin"}}, {"pk": "lv", "model": "isisdata.language", "fields": {"name": "Latvian"}}, {"pk": "li", "model": "isisdata.language", "fields": {"name": "Limburgan; Limburger; Limburgish"}}, {"pk": "ln", "model": "isisdata.language", "fields": {"name": "Lingala"}}, {"pk": "lt", "model": "isisdata.language", "fields": {"name": "Lithuanian"}}, {"pk": "lb", "model": "isisdata.language", "fields": {"name": "Luxembourgish; Letzeburgesch"}}, {"pk": "lu", "model": "isisdata.language", "fields": {"name": "Luba-Katanga"}}, {"pk": "lg", "model": "isisdata.language", "fields": {"name": "Ganda"}}, {"pk": "mk", "model": "isisdata.language", "fields": {"name": "Macedonian"}}, {"pk": "mh", "model": "isisdata.language", "fields": {"name": "Marshallese"}}, {"pk": "ml", "model": "isisdata.language", "fields": {"name": "Malayalam"}}, {"pk": "mi", "model": "isisdata.language", "fields": {"name": "Maori"}}, {"pk": "mr", "model": "isisdata.language", "fields": {"name": "Marathi"}}, {"pk": "ms", "model": "isisdata.language", "fields": {"name": "Malay"}}, {"pk": "Mi", "model": "isisdata.language", "fields": {"name": "Micmac"}}, {"pk": "mk", "model": "isisdata.language", "fields": {"name": "Macedonian"}}, {"pk": "mg", "model": "isisdata.language", "fields": {"name": "Malagasy"}}, {"pk": "mt", "model": "isisdata.language", "fields": {"name": "Maltese"}}, {"pk": "mn", "model": "isisdata.language", "fields": {"name": "Mongolian"}}, {"pk": "mi", "model": "isisdata.language", "fields": {"name": "Maori"}}, {"pk": "ms", "model": "isisdata.language", "fields": {"name": "Malay"}}, {"pk": "my", "model": "isisdata.language", "fields": {"name": "Burmese"}}, {"pk": "na", "model": "isisdata.language", "fields": {"name": "Nauru"}}, {"pk": "nv", "model": "isisdata.language", "fields": {"name": "Navajo; Navaho"}}, {"pk": "nr", "model": "isisdata.language", "fields": {"name": "Ndebele, South; South Ndebele"}}, {"pk": "nd", "model": "isisdata.language", "fields": {"name": "Ndebele, North; North Ndebele"}}, {"pk": "ng", "model": "isisdata.language", "fields": {"name": "Ndonga"}}, {"pk": "ne", "model": "isisdata.language", "fields": {"name": "Nepali"}}, {"pk": "nl", "model": "isisdata.language", "fields": {"name": "Dutch; Flemish"}}, {"pk": "nn", "model": "isisdata.language", "fields": {"name": "Norwegian Nynorsk; Nynorsk, Norwegian"}}, {"pk": "nb", "model": "isisdata.language", "fields": {"name": "Bokm\u00e5l, Norwegian; Norwegian Bokm\u00e5l"}}, {"pk": "no", "model": "isisdata.language", "fields": {"name": "Norwegian"}}, {"pk": "oc", "model": "isisdata.language", "fields": {"name": "Occitan (post 1500)"}}, {"pk": "oj", "model": "isisdata.language", "fields": {"name": "Ojibwa"}}, {"pk": "or", "model": "isisdata.language", "fields": {"name": "Oriya"}}, {"pk": "om", "model": "isisdata.language", "fields": {"name": "Oromo"}}, {"pk": "os", "model": "isisdata.language", "fields": {"name": "Ossetian; Ossetic"}}, {"pk": "pa", "model": "isisdata.language", "fields": {"name": "Panjabi; Punjabi"}}, {"pk": "fa", "model": "isisdata.language", "fields": {"name": "Persian"}}, {"pk": "pi", "model": "isisdata.language", "fields": {"name": "Pali"}}, {"pk": "pl", "model": "isisdata.language", "fields": {"name": "Polish"}}, {"pk": "pt", "model": "isisdata.language", "fields": {"name": "Portuguese"}}, {"pk": "ps", "model": "isisdata.language", "fields": {"name": "Pushto; Pashto"}}, {"pk": "qu", "model": "isisdata.language", "fields": {"name": "Quechua"}}, {"pk": "rm", "model": "isisdata.language", "fields": {"name": "Romansh"}}, {"pk": "ro", "model": "isisdata.language", "fields": {"name": "Romanian; Moldavian; Moldovan"}}, {"pk": "ro", "model": "isisdata.language", "fields": {"name": "Romanian; Moldavian; Moldovan"}}, {"pk": "rn", "model": "isisdata.language", "fields": {"name": "Rundi"}}, {"pk": "ru", "model": "isisdata.language", "fields": {"name": "Russian"}}, {"pk": "sg", "model": "isisdata.language", "fields": {"name": "Sango"}}, {"pk": "sa", "model": "isisdata.language", "fields": {"name": "Sanskrit"}}, {"pk": "si", "model": "isisdata.language", "fields": {"name": "Sinhala; Sinhalese"}}, {"pk": "sk", "model": "isisdata.language", "fields": {"name": "Slovak"}}, {"pk": "sk", "model": "isisdata.language", "fields": {"name": "Slovak"}}, {"pk": "sl", "model": "isisdata.language", "fields": {"name": "Slovenian"}}, {"pk": "se", "model": "isisdata.language", "fields": {"name": "Northern Sami"}}, {"pk": "sm", "model": "isisdata.language", "fields": {"name": "Samoan"}}, {"pk": "sn", "model": "isisdata.language", "fields": {"name": "Shona"}}, {"pk": "sd", "model": "isisdata.language", "fields": {"name": "Sindhi"}}, {"pk": "so", "model": "isisdata.language", "fields": {"name": "Somali"}}, {"pk": "st", "model": "isisdata.language", "fields": {"name": "Sotho, Southern"}}, {"pk": "es", "model": "isisdata.language", "fields": {"name": "Spanish; Castilian"}}, {"pk": "sq", "model": "isisdata.language", "fields": {"name": "Albanian"}}, {"pk": "sc", "model": "isisdata.language", "fields": {"name": "Sardinian"}}, {"pk": "sr", "model": "isisdata.language", "fields": {"name": "Serbian"}}, {"pk": "ss", "model": "isisdata.language", "fields": {"name": "Swati"}}, {"pk": "su", "model": "isisdata.language", "fields": {"name": "Sundanese"}}, {"pk": "sw", "model": "isisdata.language", "fields": {"name": "Swahili"}}, {"pk": "sv", "model": "isisdata.language", "fields": {"name": "Swedish"}}, {"pk": "ty", "model": "isisdata.language", "fields": {"name": "Tahitian"}}, {"pk": "ta", "model": "isisdata.language", "fields": {"name": "Tamil"}}, {"pk": "tt", "model": "isisdata.language", "fields": {"name": "Tatar"}}, {"pk": "te", "model": "isisdata.language", "fields": {"name": "Telugu"}}, {"pk": "tg", "model": "isisdata.language", "fields": {"name": "Tajik"}}, {"pk": "tl", "model": "isisdata.language", "fields": {"name": "Tagalog"}}, {"pk": "th", "model": "isisdata.language", "fields": {"name": "Thai"}}, {"pk": "bo", "model": "isisdata.language", "fields": {"name": "Tibetan"}}, {"pk": "ti", "model": "isisdata.language", "fields": {"name": "Tigrinya"}}, {"pk": "to", "model": "isisdata.language", "fields": {"name": "Tonga (Tonga Islands)"}}, {"pk": "tn", "model": "isisdata.language", "fields": {"name": "Tswana"}}, {"pk": "ts", "model": "isisdata.language", "fields": {"name": "Tsonga"}}, {"pk": "tk", "model": "isisdata.language", "fields": {"name": "Turkmen"}}, {"pk": "tr", "model": "isisdata.language", "fields": {"name": "Turkish"}}, {"pk": "tw", "model": "isisdata.language", "fields": {"name": "Twi"}}, {"pk": "ug", "model": "isisdata.language", "fields": {"name": "Uighur; Uyghur"}}, {"pk": "uk", "model": "isisdata.language", "fields": {"name": "Ukrainian"}}, {"pk": "ur", "model": "isisdata.language", "fields": {"name": "Urdu"}}, {"pk": "uz", "model": "isisdata.language", "fields": {"name": "Uzbek"}}, {"pk": "ve", "model": "isisdata.language", "fields": {"name": "Venda"}}, {"pk": "vi", "model": "isisdata.language", "fields": {"name": "Vietnamese"}}, {"pk": "vo", "model": "isisdata.language", "fields": {"name": "Volap\u00fck"}}, {"pk": "cy", "model": "isisdata.language", "fields": {"name": "Welsh"}}, {"pk": "wa", "model": "isisdata.language", "fields": {"name": "Walloon"}}, {"pk": "wo", "model": "isisdata.language", "fields": {"name": "Wolof"}}, {"pk": "xh", "model": "isisdata.language", "fields": {"name": "Xhosa"}}, {"pk": "yi", "model": "isisdata.language", "fields": {"name": "Yiddish"}}, {"pk": "yo", "model": "isisdata.language", "fields": {"name": "Yoruba"}}, {"pk": "za", "model": "isisdata.language", "fields": {"name": "Zhuang; Chuang"}}, {"pk": "zh", "model": "isisdata.language", "fields": {"name": "Chinese"}}, {"pk": "zu", "model": "isisdata.language", "fields": {"name": "Zulu"}}]
